Start Date,End Date,Description,Amount
MAR6,MAR7,WENDY?S?6110QUEENSTRETORONTO,17.84
MAR6,MAR7,GREENMACHINE-MACHVERTE,5.0
MAR7,MAR7,TIMHORTONS#1634416-225-0260,1.67
MAR7,MAR7,TIMHORTONS#1634416-225-0260,1.67
MAR6,MAR8,ANNEXBILLIARDSCLUBTORONTO,48.18
MAR7,MAR8,TIMHORTONS#1634NORTHYORK,1.67
MAR8,MAR11,TIMHORTONS#5795TORONTO,1.59
MAR8,MAR11,UBERCANADA/UBERTRIPTORONTO,24.06
MAR8,MAR11,GOLDLEAFFRUITSMARKETTORONTO,11.5
MAR8,MAR11,GATEWAYNEWSTAND113TORONTO,3.25
MAR9,MAR11,UniqloCanadaPOS_CA_TEC_Toronto,22.6
MAR11,MAR11,UBER*EATSTORONTO,35.65
MAR12,MAR13,TIMHORTONS#1357416-233-4043,21.73
MAR12,MAR13,PRESTOMOBLTORONTO,10.0
MAR13,MAR14,STRIKEROCK&BOWLNIAGARAFALL,74.58
MAR13,MAR14,PRESTOMOBLTORONTO,20.0
MAR13,MAR14,PRESTOMOBLTORONTO,20.0
MAR13,MAR14,SHIVKIRTICHEFOFINDNIAGARAFALL,60.37
MAR14,MAR15,WU*800-235-0000,578.64
MAR14,MAR15,UBERCANADA/UBERTRIPTORONTO,11.49
MAR15,MAR18,TIMHORTONS#5795TORONTO,0.09
MAR17,MAR18,TIMHORTONS#5795TORONTO,5.87
MAR17,MAR18,MACANNABISETOBICOKE,20.0
MAR18,MAR19,TIMHORTONS#3130416-252-7770,6.87
MAR18,MAR19,CONVENIENCECANADATORONTO,23.56
MAR18,MAR19,LOGA'SCORNERLTORONTO,27.12
MAR19,MAR19,TIMHORTONS#4007416-516-8497,3.65
MAR18,MAR20,ANNEXBILLIARDSCLUBTORONTO,22.83
MAR18,MAR20,TASHIDELEKCAFETORONTO,20.34
MAR18,MAR20,TASHIDELEKCAFETORONTO,22.6
MAR18,MAR20,PRESTOFARE/5DPJK7Q875TORONTO,3.3
MAR20,MAR21,AMZNMktpCA*RH6802R60,10.47
MAR20,MAR21,AMZNMktpCA*RH05P9YN0,22.59
MAR20,MAR21,AMZNMktpCA*R66TT8KA1,38.41
MAR21,MAR22,WEEDJAR-YONGESTTORONTO,11.29
MAR22,MAR25,TIMHORTONS#5795TORONTO,2.52
MAR22,MAR25,PAYMENT-THANKYOU,-300.0
MAR23,MAR25,TIMHORTONS#5795647-449-8467,1.67
MAR24,MAR25,TIMHORTONS#5795647-449-8467,3.89
MAR25,MAR25,TIMHORTONS#4007416-516-8497,3.44
MAR25,MAR25,CINEPLEXRECROOMROUNTORONTO,31.19
MAR25,MAR25,SQ*STEAK&CHEESEFACTORYAToronto,10.45
MAR25,MAR25,VALUEBUDSATLANSDOWNTORONTO,9.57
MAR24,MAR26,PIZZAPIZZA#293TORONTO,5.37
MAR24,MAR26,PRESTOLANSDOWNESTNTORONTO,14.0
MAR24,MAR26,PRESTOFARE/550N856VLZTORONTO,3.3
MAR25,MAR26,UBER*TRIPTORONTO,12.86
MAR25,MAR26,PRESTOAUTLTORONTO,128.15
MAR26,MAR27,ANTHONY'SNOFRILLS#3TORONTO,15.44
MAR27,MAR27,TIMHORTONS#4007416-516-8497,1.67
MAR27,MAR27,Amazon.caPrimeMemberamazon.ca/pr,11.29
MAR26,MAR28,McDonalds14146ETOBICOKE,22.43
MAR26,MAR28,TASHIDELEKCAFETORONTO,11.03
MAR28,APR1,UBERCANADA/UBEREATSTORONTO,23.53
MAR29,APR1,VALUEBUDSATLANSDOWNTORONTO,9.57
MAR30,APR1,INSMARKET#5115TORONTO,22.86
MAR31,APR2,SHOPPERSDRUGMART#14TORONTO,4.49
APR1,APR2,GOOGLE*CLOUDM8MQKMg.co/HelpPay,0.01
APR2,APR4,McDonalds14146ETOBICOKE,11.89
APR3,APR4,UBERCANADA/UBERTRIPTORONTO,32.02
APR3,APR4,MACANNABISETOBICOKE,22.5
APR3,APR8,SOBEYS#4743ETOBICOKE,30.04
APR5,APR8,TIMHORTONS#5795647-449-8467,0.95
APR5,APR8,TIMHORTONS#5795647-449-8467,3.15
APR5,APR8,PAYMENT-THANKYOU,-700.0
APR6,APR8,DOORDASHPOPEYESLOUIDOWNTOWN,19.68
APR6,APR8,TIMHORTONS#5795TORONTO,0.67
APR8,APR8,VALUEBUDSATLANSDOWNTORONTO,19.18
APR8,APR8,CASHADVANCEFEE,3.5
APR8,APR8,CASHADVANCEFEE,5.79
APR8,APR8,CASHINTEREST,7.81
JUL7,JUL9,McDonalds40346TORONTO,10.72
JUL8,JUL9,TIMHORTONS#5795TORONTO,1.85
JUL8,JUL9,TIMHORTONS#5795TORONTO,1.85
JUL9,JUL9,TIMHORTONS#5795TORONTO,6.04
JUL9,JUL9,TIMHORTONS#5795TORONTO,-3.14
JUL9,JUL10,TIMHORTONS#3130416-252-7770,9.02
JUL10,JUL10,VALUEBUDSATLANSDOWNTORONTO,9.57
JUL10,JUL11,TIMHORTONS#5795TORONTO,1.85
JUL12,JUL15,TIMHORTONS#5795TORONTO,7.22
JUL12,JUL15,PAYMENT-THANKYOU,-400.0
JUL13,JUL15,HMHennesMauritzInc.Toronto,-43.56
JUL14,JUL15,VALUEBUDSQUEENSTWETORONTO,10.67
JUL14,JUL15,TIMHORTONS#5795TORONTO,2.76
JUL15,JUL16,PAYPAL*DOORDASHOSMOW,31.5
JUL15,JUL16,TIMHORTONS#5795TORONTO,1.85
JUL16,JUL17,PRESTOAPPL/55M23PK8P6TORONTO,1.0
JUL16,JUL18,McDonalds14146ETOBICOKE,22.42
JUL17,JUL18,McDonalds14146ETOBICOKE,1.05
JUL17,JUL18,McDonalds14146ETOBICOKE,5.06
JUL17,JUL18,TIMHORTONS#5795TORONTO,2.76
JUL17,JUL18,PAYMENT-THANKYOU,-60.0
JUL18,JUL18,TIMHORTONS#5795TORONTO,18.0
JUL18,JUL18,VALUEBUDSATLANSDOWNTORONTO,9.57
JUL17,JUL19,SHOPPERSDRUGMART#14TORONTO,11.43
JUL19,JUL22,TIMHORTONS#1357ETOBICOKE,6.19
JUL20,JUL22,TIMHORTONS#5795647-449-8467,1.85
JUL21,JUL22,VALUEBUDSATLANSDOWNTORONTO,9.57
JUL21,JUL22,TIMHORTONS#5795647-449-8467,1.85
JUL21,JUL23,POPEYES#13572TORONTO,9.59
JUL22,JUL23,TIMHORTONS#3130TORONTO,1.05
JUL22,JUL23,TIMHORTONS#5795647-449-8467,1.85
JUL23,JUL24,DD/DOORDASHPOPEYESLOUI,20.5
JUL23,JUL24,MACANNABISETOBICOKE,14.0
JUL24,JUL25,TIMHORTONS#5795TORONTO,4.84
JUL24,JUL25,TIMHORTONS#5795647-449-8467,1.85
JUL24,JUL25,INSMARKET#5115TORONTO,19.32
JUL24,JUL26,APPLESTORE#R121TORONTO,805.57
JUL24,JUL26,APPLESTORE#R121TORONTO,39.67
JUL24,JUL26,GATEWAYNEWSSTANDS#114TORONTO,2.5
JUL25,JUL26,NOFRILLS#753TORONTO,58.47
JUL26,JUL29,TIMHORTONS#3130416-252-7770,8.0
JUL26,JUL29,TIMHORTONS#3130416-252-7770,7.91
JUL26,JUL29,MACANNABISETOBICOKE,12.0
JUL26,JUL29,APPLESTORE#R121TORONTO,-140.0
JUL26,JUL29,APPLESTORE#R121TORONTO,-665.57
JUL26,JUL29,APPLESTORE#R121TORONTO,-39.67
JUL26,JUL29,POPEYES#13572TORONTO,12.98
JUL26,JUL29,PAYMENT-THANKYOU,-240.0
JUL27,JUL29,TIMHORTONS#5795647-449-8467,1.85
JUL28,JUL29,TIMHORTONS#5795647-449-8467,1.85
JUL28,JUL29,TIMHORTONS#5795647-449-8467,1.85
JUL29,JUL30,TIMHORTONS#5795647-449-8467,1.85
JUL30,JUL31,DUTCHLOVE-PARKDALETORONTO,13.5
JUL31,AUG1,TIMHORTONS#5795TORONTO,4.83
JUL31,AUG1,TIMHORTONS#5795647-449-8467,1.85
JUL31,AUG1,INSMARKET#5115TORONTO,19.32
AUG1,AUG2,GOOGLE*CLOUD5V93zNg.co/HelpPay,0.03
AUG1,AUG2,NOFRILLS#753TORONTO,38.02
AUG2,AUG6,TIMHORTONS#1357416-233-4043,3.01
AUG2,AUG6,GATEWAYNEWSSTANDS#178NORTH,2.75
AUG2,AUG6,FUSIAASIANKITCHENTORONTO,13.55
AUG2,AUG6,15999-HOKATORONTOPOTORONTO,203.4
AUG2,AUG6,LYFT*RIDEFRI9AMVANCOUVER,33.85
AUG3,AUG6,TIMHORTONS#5795TORONTO,0.31
AUG4,AUG6,VALUEBUDSATLANSDOWNTORONTO,9.57
AUG4,AUG6,TIMHORTONS#5795647-449-8467,1.85
AUG4,AUG6,THEBIRYANIWALLATORONTO,44.07
AUG5,AUG6,TIMHORTONS#5795TORONTO,0.32
AUG5,AUG6,TIMHORTONS#5795647-449-8467,1.85
AUG6,AUG6,CASHINTEREST,0.11
NOV7,NOV7,aliexpressVancouver,17.39
NOV8,NOV9,Onlyfans.ComLondon,5.57
NOV8,NOV9,OFLondon,7.98
NOV8,NOV9,7ELEVENSTORE#33414ETOBICOKE,16.49
NOV8,NOV9,PAYMENT-THANKYOU,-773.27
NOV10,NOV14,PAYPAL*LOVELYANG4794029357733,0.02
NOV10,NOV14,PAYPAL*LHAMOANGEL744029357733,0.02
NOV13,NOV15,PIZZAIOLOTORONTO,9.31
NOV13,NOV15,PRESTOFARE/5D1N072GLPTORONTO,6.6
NOV14,NOV15,BOMBAYCHOWPATTYTORONTO,100.17
NOV15,NOV15,CINEPLEXRECROOMROUNTORONTO,106.79
NOV15,NOV15,CINEPLEXRECROOMROUNTORONTO,59.89
NOV14,NOV16,PRESTOFARE/5D2226RC77TORONTO,9.9
NOV16,NOV20,Onlyfans.ComLondon,4.79
NOV17,NOV20,PRESTOFARE/5D2G70KB27TORONTO,3.3
NOV20,NOV21,PAYPAL*LOVELYANG4794029357733,-0.02
NOV21,NOV23,JIMMYTHEGREEK#005TORONTO,18.62
NOV21,NOV23,PRESTOFARE/5D327DQMRTTORONTO,3.3
NOV22,NOV24,PRESTOFARE/5D3FLKPPBGTORONTO,3.3
NOV23,NOV27,PRESTOFARE/5D3KBB9KQMTORONTO,3.3
NOV24,NOV27,PRESTOFARE/5D37G0XQXLTORONTO,6.6
NOV25,NOV27,TIMHORTONS#5795TORONTO,10.64
NOV25,NOV27,PRESTOFARE/5D435NP6WJTORONTO,6.6
NOV26,NOV28,PRESTOFARE/5D4893VBF6TORONTO,6.6
NOV27,NOV28,aliexpressVancouver,38.7
NOV27,NOV28,DOLLARAMA#799TORONTO,23.73
NOV27,NOV29,FULLTIMEONLINE-SENECANORTH,500.0
NOV29,NOV29,LYFT*RIDETUE9PMVANCOUVER,6.99
NOV29,NOV29,aliexpressVancouver,-5.69
NOV29,NOV29,aliexpressVancouver,-9.24
NOV29,DEC1,PRESTOFARE/5D4P5LJLTCTORONTO,3.3
NOV30,DEC4,PRESTOFARE/5D512F86VZTORONTO,6.6
DEC1,DEC4,PRESTOFARE/5D5747L25XTORONTO,6.6
DEC2,DEC4,PRESTOFARE/5D5C0ML7JGTORONTO,6.6
DEC3,DEC4,TIMHORTONS#5795TORONTO,4.19
DEC3,DEC5,PRESTOFARE/5D5H02S8NDTORONTO,6.6
DEC4,DEC5,NOFRILLS#753TORONTO,64.85
DEC4,DEC6,PIZZAIOLOTORONTO,5.85
DEC6,DEC6,Amazon.ca*7Y8477IZ3AMAZON.CA,26.63
JAN7,JAN9,GATEWAYNEWSSTANDS#114TORONTO,19.0
JAN7,JAN9,PRESTOFARE/5DC6L2CLWNTORONTO,6.6
JAN9,JAN10,TIMHORTONS#1634NORTHYORK,1.67
JAN9,JAN11,NEWNHAMMAINTORONTO,1.92
JAN9,JAN11,A&W#4783TORONTO,16.02
JAN10,JAN11,TIMHORTONS#8176NORTHYORK,1.67
JAN10,JAN12,PRESTOFARE/5DCLBNQWJTTORONTO,6.6
JAN10,JAN12,PRESTOFARE/5DCLC77FDZTORONTO,3.3
JAN11,JAN15,NEWNHAMMAINTORONTO,1.67
JAN11,JAN15,P.A.T.CENTRALMARKETINCTORONTO,38.74
JAN12,JAN15,TIMHORTONS#5795TORONTO,5.87
JAN12,JAN15,PRESTOFARE/5DD764NT97TORONTO,3.3
JAN12,JAN15,PRESTOFARE/5DD5PGNNLFTORONTO,3.3
JAN12,JAN15,PAYMENT-THANKYOU,-862.24
JAN14,JAN15,Amazon.ca*R82EG9NW0AMAZON.CA,59.86
JAN14,JAN15,UBER*TRIPTORONTO,20.48
JAN14,JAN16,PRESTOFARE/5DDH485Q7PTORONTO,3.3
JAN15,JAN16,TIMHORTONS#3130416-252-7770,1.67
JAN15,JAN16,MACANNABISETOBICOKE,20.0
JAN15,JAN17,PIZZAIOLOTORONTO,8.46
JAN17,JAN18,METRO742TORONTO,26.99
JAN18,JAN18,TIMHORTONS#1634416-225-0260,1.67
JAN18,JAN19,TIMHORTONS#1357ETOBICOKE,8.46
JAN18,JAN19,TIMHORTONS#1634NORTHYORK,1.67
JAN18,JAN22,PRESTOFARE/5D5228ZD2LTORONTO,3.3
JAN18,JAN22,UBERCANADA/UBERTRIPTORONTO,37.84
JAN19,JAN22,TIMHORTONS#1357416-233-4043,1.67
JAN19,JAN22,TIMHORTONS#5795TORONTO,2.52
JAN19,JAN22,TIMHORTONS#5795TORONTO,1.92
JAN19,JAN22,GATEWAYNEWSSTANDS#109TORONTO,21.0
JAN19,JAN22,PRESTOFARE/5D55B9QLFDTORONTO,6.6
JAN20,JAN22,TIMHORTONS#1357416-233-4043,1.67
JAN21,JAN22,Amazon.ca*R814F3QI2AMAZON.CA,25.59
JAN23,JAN24,Amazon.caAMAZON.CA,-32.88
JAN25,JAN26,TIMHORTONS#8176416-721-5552,1.67
JAN25,JAN29,TIBETHAIRANDBEAUTYSALTORONTO,28.25
JAN25,JAN29,PRESTOFARE/5DFH68SKRWTORONTO,9.9
JAN26,JAN29,PRESTOFARE/5DFMM0BXJRTORONTO,6.6
JAN27,JAN29,TIMHORTONS#2370416-762-4994,2.09
JAN27,JAN29,TIMHORTONS#2370416-762-4994,6.87
JAN27,JAN29,GATEWAYNEWSSTANDS#135TORONTO,23.75
JAN27,JAN29,PRESTOFARE/5DG0L8BMZ8TORONTO,3.3
JAN27,JAN29,SHOPPERSDRUGMART#80TORONTO,25.0
JAN28,JAN29,AMZNMktpCA*R25AF8TA0,15.81
JAN28,JAN29,TIMHORTONS#5795TORONTO,6.59
JAN28,JAN30,PRESTOFARE/5DG7P59HVLTORONTO,3.3
JAN29,JAN30,TIMHORTONS#1357416-233-4043,3.34
JAN30,JAN30,TIMHORTONS#4007416-516-8497,3.65
JAN29,JAN31,ANNEXBILLIARDSCLUBTORONTO,32.0
JAN29,JAN31,TASHIDELEKCAFETORONTO,20.34
JAN29,JAN31,TASHIDELEKCAFETORONTO,30.51
JAN30,JAN31,PAYMENT-THANKYOU,-250.0
JAN31,JAN31,TIMHORTONS#1634416-225-0260,2.3
JAN31,JAN31,TIMHORTONS#1634416-225-0260,1.67
FEB1,FEB1,Amazon.ca*R25TF1DG0AMAZON.CA,63.82
JAN31,FEB2,NEWNHAMMAINTORONTO,4.07
JAN31,FEB2,PRESTOFARE/5DGLLKPRWBTORONTO,3.3
FEB1,FEB2,LYFT*RIDETHU12PMVANCOUVER,40.84
FEB1,FEB2,PRESTOAUTLTORONTO,128.15
FEB2,FEB2,TIMHORTONS#1634416-225-0260,1.67
FEB2,FEB5,TIMHORTONS#5795TORONTO,0.12
FEB2,FEB5,PAYMENT-THANKYOU,-200.0
FEB4,FEB5,NOFRILLS#753TORONTO,29.4
DEC5,DEC7,PRESTOFARE/5D60K1KGW8TORONTO,6.6
DEC6,DEC7,TIMHORTONS#5795TORONTO,0.09
DEC6,DEC7,TIMHORTONS#5795TORONTO,0.12
DEC6,DEC8,PRESTOFARE/5D656MZMSRTORONTO,6.6
DEC7,DEC11,PRESTOFARE/5D62G1G27ZTORONTO,6.6
DEC8,DEC11,PRESTOFARE/5D6F5JBJ7GTORONTO,6.6
DEC9,DEC11,KFC#1921TORONTO,33.89
DEC9,DEC11,PRESTOFARE/5D6KB8WW9BTORONTO,6.6
DEC10,DEC11,LYFT*RIDESAT11PMVANCOUVER,7.39
DEC10,DEC11,LinkedInRecruiter915764LINKEDIN.COM,203.39
DEC10,DEC11,LinkedInRecruiter915764LINKEDIN.COM,-203.39
DEC10,DEC11,Amazon.caAMAZON.CA,-26.63
DEC10,DEC11,PAYPAL*LHAMOANGEL744029357733,-0.02
DEC11,DEC12,EATONRUBYTHAITORONTO,10.72
DEC11,DEC12,TIMHORTONS#5795TORONTO,6.32
DEC11,DEC12,"PAYMENT-THANKYOU -$1,092.87 Fees",0.0
DEC11,DEC13,PRESTOFARE/5D7432NJ2KTORONTO,6.6
DEC12,DEC13,TIMHORTONS#5795TORONTO,7.86
DEC12,DEC13,NOFRILLS#753TORONTO,27.21
DEC12,DEC14,PRESTOFARE/5D790BM5T9TORONTO,6.6
DEC13,DEC15,PRESTOFARE/5D7D7BTTZ5TORONTO,6.6
DEC14,DEC18,PRESTOFARE/5D76K572LMTORONTO,6.6
DEC15,DEC18,GATEWAYNEWSSTANDS#110TORONTO,22.25
DEC15,DEC18,PRESTOFARE/5D7N2M7QNHTORONTO,6.6
DEC18,DEC19,TIMHORTONS#1357ETOBICOKE,1.67
DEC18,DEC20,PRESTOFARE/5D8CC2F795TORONTO,6.6
DEC19,DEC21,PRESTOFARE/5D8H9FNB9XTORONTO,6.6
DEC20,DEC21,NOFRILLS#753TORONTO,26.81
DEC20,DEC22,PRESTOFARE/5D8M7HXLJTTORONTO,6.6
DEC21,DEC22,TIMHORTONS#5795TORONTO,6.32
DEC21,DEC27,PRESTOFARE/5D91649QWNTORONTO,6.6
DEC22,DEC27,TIMHORTONS#5795TORONTO,6.73
DEC22,DEC27,PRESTOFARE/5D96DN2D7VTORONTO,6.6
DEC23,DEC27,TIMHORTONS#5795TORONTO,2.39
DEC25,DEC27,RAINBOWCONVENIENCETORONTO,19.5
DEC25,DEC27,CONGEEQUEENTORONTO,87.69
DEC25,DEC27,PRESTOISLINGTONSTNTORONTO,9.0
DEC25,DEC27,PRESTOFARE/5D9MH8N5VRTORONTO,6.6
DEC26,DEC27,AMZNMktpCA*TR21V2Y33,85.14
DEC27,DEC27,Amazon.ca*1D7G288M3AMAZON.CA,32.88
DEC26,DEC28,PRESTOFARE/5D9PKDCV9PTORONTO,6.6
DEC28,DEC28,AMZNMktpCA*UV2OJ29Q3,13.55
DEC27,DEC29,PRESTOFARE/5D24JMQBLGTORONTO,6.6
DEC28,JAN2,PRESTOFARE/5D29FLPK5STORONTO,6.6
DEC29,JAN2,PRESTOFARE/5D2555ZKHSTORONTO,6.6
DEC30,JAN2,AMZNMktpCA*W70SS0MA3,33.87
DEC30,JAN2,AMZNMktpCA*SU7NI36F3,21.68
DEC30,JAN2,PRESTOFARE/5D2J5M9BFPTORONTO,6.6
DEC31,JAN2,HMHennesMauritzInc.Toronto,182.05
DEC31,JAN2,7ELEVENSTORE#33414ETOBICOKE,18.17
JAN1,JAN2,TIMHORTONS#5795TORONTO,3.14
JAN1,JAN3,PRESTOFARE/5DB3CPWQJVTORONTO,6.6
JAN2,JAN4,PRESTOFARE/5DB8MCV27STORONTO,3.3
JAN4,JAN4,HMHennesMauritzInc.Toronto,-28.48
JAN5,JAN5,TeamTownSportsWoodbridge,33.88
JAN5,JAN8,TIMHORTONS#5795TORONTO,9.03
JAN5,JAN8,PRESTOFARE/5DBNGLJM95TORONTO,6.6
JAN6,JAN8,AMZNMktpCAWWW.AMAZON.C,-33.87
JAN6,JAN8,NOFRILLS#753TORONTO,39.91
JUN5,JUN7,POPEYES#13572TORONTO,2.19
JUN6,JUN7,REDDY'SHYDERABADSPICES,13.55
JUN6,JUN7,GATEWAYNEWSSTANDS#178NORTH,2.75
JUN7,JUN7,TIMHORTONS#1634416-225-0260,1.67
JUN8,JUN10,UNCLETETSUCANADATORONTO,14.75
JUN8,JUN10,UNCLETETSUCANADATORONTO,14.75
JUN9,JUN10,TIMHORTONS#5795647-449-8467,1.85
JUN10,JUN10,KOREANGRILLHOUSE-QTORONTO,91.96
JUN9,JUN11,SWEETJESUSTORONTO,12.71
JUN11,JUN11,TIMHORTONS#5795647-449-8467,3.02
JUN11,JUN11,TIMHORTONS#5795647-449-8467,1.85
JUN10,JUN12,GATEWAYNEWSSTANDS#114TORONTO,22.75
JUN12,JUN13,UBERCANADA/UBERTRIPTORONTO,7.58
JUN12,JUN13,CHAMPSFOODSUPPLIESTORONTO,6.0
JUN12,JUN14,GATEWAYNEWSSTANDS#114TORONTO,2.75
JUN14,JUN17,TIMHORTONS#3130416-252-7770,8.0
JUN14,JUN17,HMEatonCentreToronto,55.52
JUN14,JUN17,TIMHORTONS#5795647-449-8467,1.85
JUN14,JUN17,TIMHORTONS#1634NORTHYORK,2.3
JUN14,JUN17,PAYMENT-THANKYOU,-342.0
JUN15,JUN17,Subway41111Toronto,17.85
JUN15,JUN17,PRESTOFARE/55GDK1DMP6TORONTO,3.3
JUN16,JUN17,IMPERIALPUBTORONTO,65.63
JUN16,JUN17,TIMHORTONS#5795TORONTO,2.1
JUN16,JUN17,TIMHORTONS#5795TORONTO,3.15
JUN17,JUN18,TIMHORTONS#5795TORONTO,2.86
JUN18,JUN19,INDIANDESIRETORONTO,69.82
JUN18,JUN19,7ELEVENSTORE#33411TORONTO,19.12
JUN18,JUN20,ANNEXBILLIARDSCLUBTORONTO,45.13
JUN19,JUN20,TIMHORTONS#5795TORONTO,2.86
JUN19,JUN20,PAYMENT-THANKYOU,-75.0
JUN21,JUN24,TIMHORTONS#3130416-252-7770,1.67
JUN21,JUN24,TIMHORTONS#1357416-233-4043,6.54
JUN21,JUN24,COURSRA*392HT5EFFXXLCPSCHIPHOL,16.5
JUN21,JUN24,OSMOW'SSHAWARMATORONTO,15.57
JUN24,JUN25,PRESTOAUTLTORONTO,128.15
JUN24,JUN25,CONSUMERSCANNABISETOBICOKE,8.46
JUN25,JUN26,RAINBOWCONVENIENCETORONTO,21.19
JUN26,JUN27,TIMHORTONS#1357416-233-4043,3.14
JUN26,JUN28,SHOPPERSDRUGMART#14TORONTO,15.81
JUN27,JUN28,UBERCANADA/UBERTRIPTORONTO,17.65
JUN28,JUL2,TIMHORTONS#5795TORONTO,1.67
JUN28,JUL2,TIMHORTONS#5795647-449-8467,1.01
JUN28,JUL2,ANNEXBILLIARDSCLUBTORONTO,21.57
JUN28,JUL2,PAYMENT-THANKYOU,-250.0
JUN29,JUL2,TIMHORTONS#5795647-449-8467,1.85
JUN30,JUL2,WU*800-235-0000,86.34
JUN30,JUL2,TIMHORTONS#5795647-449-8467,1.85
JUN30,JUL2,AMAYAEXPRESSTORONTO,19.81
JUN30,JUL2,UBER*TRIPHTTPSWWW.UBE,17.8
JUL1,JUL2,GOOGLE*CLOUDFCGJx2g.co/HelpPay,0.03
JUL1,JUL2,TIMHORTONS#5795647-449-8467,1.85
JUL1,JUL3,GATEWAYNEWSSTANDS#114TORONTO,22.25
JUL2,JUL3,PAYMENT-THANKYOU,-247.0
JUL4,JUL5,HMHennesMauritzInc.Toronto,150.24
JUL4,JUL5,MACANNABISETOBICOKE,10.0
JUL4,JUL8,SOBEYS#4743ETOBICOKE,61.61
JUL5,JUL8,PAYPAL*DOORDASHMCDON,25.61
JUL6,JUL8,TIMHORTONS#5795TORONTO,1.85
JUL7,JUL8,SQ*MOGOUYANHANDPULLEDToronto,55.68
JUL7,JUL8,TIMHORTONS#5795TORONTO,1.85
JUL8,JUL8,CASHADVANCEFEE,3.5
JUL8,JUL8,CASHINTEREST,0.18
MAY6,MAY7,UBERCANADA/UBERTRIPTORONTO,11.8
MAY7,MAY8,UBERCANADA/UBERTRIPTORONTO,31.86
MAY7,MAY8,COSIMO'SNOFRILLS#36ETOBICOKE,5.31
MAY7,MAY8,ANNEXBILLIARDSCLUBTORONTO,9.0
MAY9,MAY9,VALUEBUDSBLOORSTTORONTO,10.1
MAY8,MAY10,GHAZALEONBLOORTORONTO,2.89
MAY9,MAY13,ALI'SWESTINDIANROTITORONTO,29.52
MAY10,MAY13,PAYMENT-THANKYOU,-902.1
MAY9,MAY15,ANNEXBILLIARDSCLUBTORONTO,58.18
MAY15,MAY17,PRESTOFARE/552J37PGN9TORONTO,3.3
MAY16,MAY17,NOFRILLS#753TORONTO,59.9
MAY17,MAY21,GATEWAYNEWSSTANDS#114TORONTO,15.75
MAY17,MAY21,PAYMENT-THANKYOU,-100.0
MAY17,MAY21,PAYMENT-THANKYOU,-382.42
MAY18,MAY21,CINEPLEXRECROOMROUNTORONTO,59.89
MAY18,MAY21,TIMHORTONS#5795TORONTO,2.09
MAY19,MAY21,TIMHORTONS#5795647-449-8467,7.91
MAY19,MAY21,POPEYES#13572TORONTO,9.59
MAY20,MAY21,TIMHORTONS#5795647-449-8467,3.02
MAY21,MAY21,SQ*THEBALLROOMBOWLToronto,81.28
MAY21,MAY21,SQ*THEBALLROOMBOWLToronto,35.2
MAY22,MAY23,PAYMENT-THANKYOU,-138.0
MAY24,MAY24,TIMHORTONS#1634416-225-0260,4.19
MAY24,MAY24,TIMHORTONS#1634416-225-0260,2.3
MAY24,MAY27,NEWNHAMMAINTORONTO,5.95
MAY24,MAY27,PRESTOFARE/55C8D1DB8HTORONTO,3.3
MAY25,MAY27,DOORDASHDASHPASSDOWNTOWNTOR,11.29
MAY25,MAY27,TIMHORTONS#1634416-225-0260,1.67
MAY25,MAY27,PRESTOAUTLTORONTO,128.15
MAY25,MAY27,GATEWAYNEWSSTANDS#114TORONTO,19.25
MAY26,MAY27,LOGA'SCORNERLTORONTO,25.99
MAY27,MAY29,LCBO/RAO#0568TORONTO,86.5
MAY28,MAY29,DOORDASHDASHPASSDOWNTOWNTOR,-11.29
MAY30,MAY31,CUR*BITLOVELTDNICOSIA,42.2
MAY31,MAY31,REWARDSREDEMPTIONTORONTOON,-25.0
MAY31,JUN3,TIMHORTONS#1357416-233-4043,10.16
MAY31,JUN3,NOFRILLS#753TORONTO,83.19
MAY31,JUN3,PAYMENT-THANKYOU,-300.0
JUN1,JUN3,GOOGLE*CLOUDVxVWwTg.co/HelpPay,0.03
JUN1,JUN3,GATEWAYNEWSSTANDS#114TORONTO,20.25
JUN2,JUN3,TIMHORTONS#5795647-449-8467,2.86
JUN4,JUN4,TIMHORTONS#5795647-449-8467,0.84
JUN5,JUN6,SUKOSHIMARTTORONTO,13.39
JUN6,JUN6,CASHINTEREST,0.12
FEB6,FEB7,Zara.comFredericton,207.82
FEB8,FEB8,REWARDSREDEMPTIONTORONTOON,-51.0
FEB8,FEB9,PAYMENT-THANKYOU,-150.0
FEB9,FEB9,TIMHORTONS#1634416-225-0260,1.67
FEB9,FEB12,HMHennesMauritzInc.Toronto,153.0
FEB9,FEB12,WU*800-235-0000,161.25
FEB9,FEB12,GATEWAYNEWSSTAND#527TORONTO,8.25
FEB12,FEB14,TIMHORTONS#1357ETOBICOKE,1.67
FEB14,FEB15,TIMHORTONS#1357416-233-4043,8.3
FEB14,FEB15,TIMHORTONS#5795TORONTO,0.09
FEB14,FEB15,Zara.comFredericton,-56.49
FEB16,FEB16,AMZNMktpCAWWW.AMAZON.C,-15.81
FEB18,FEB20,HMHennesMauritzInc.Toronto,-99.06
FEB20,FEB21,LYFT*RIDETUE6PMVANCOUVER,51.84
FEB20,FEB21,SPICEBROSETOBICOKE,18.07
FEB20,FEB21,MACANNABISETOBICOKE,20.0
FEB21,FEB21,Amazon.ca*RW6V68S90AMAZON.CA,30.68
FEB21,FEB21,LYFT*RIDETUE7PMVANCOUVER,46.97
FEB21,FEB22,LYFT*RIDEWED11AMVANCOUVER,36.78
FEB21,FEB22,LYFT*RIDEWED5PMVANCOUVER,42.99
FEB21,FEB22,LYFT*RIDEWED6PMVANCOUVER,6.87
FEB22,FEB22,LYFT*RIDEWED7PMVANCOUVER,6.93
FEB22,FEB22,LYFT*RIDEWED8PMVANCOUVER,47.77
FEB22,FEB22,LYFT*INCREASETIPVANCOUVER,5.0
FEB22,FEB22,TIMHORTONS#1634416-225-0260,1.7
FEB21,FEB23,BEERTOWNETOBICOKEKITCHENER,62.35
FEB23,FEB26,PAYPAL*APPLE.COM/BILL4029357733,3.38
FEB24,FEB26,PRESTOAUTLTORONTO,128.15
FEB25,FEB26,REDDY'SHYDERABADSPICES,43.45
FEB25,FEB26,MACANNABISETOBICOKE,20.0
FEB26,FEB26,Amazon.caAMAZON.CA,-30.68
FEB26,FEB27,AMAZONWEBSERVICESMUMBAI,-0.03
FEB26,FEB27,AMAZONWEBSERVICESMUMBAI,0.03
FEB27,FEB27,Amazon.caPrimeMemberamazon.ca/pr,11.29
FEB27,FEB28,UBER*TRIPTORONTO,12.98
FEB28,FEB29,UBERCANADA/UBERTRIPTORONTO,11.1
FEB29,MAR1,TIMHORTONS#5795TORONTO,0.81
MAR1,MAR4,TIMHORTONS#5795TORONTO,5.41
MAR1,MAR4,MACANNABISETOBICOKE,22.5
MAR2,MAR4,TIMHORTONS#5795TORONTO,3.15
MAR3,MAR4,TIMHORTONS#5795TORONTO,0.09
MAR3,MAR4,TIMHORTONS#5795647-449-8467,2.95
MAR5,MAR6,ROYALBANKOFCANADAMONTREAL,-785.0
MAR5,MAR6,THEDANISHPASTRYHOUSETORONTO,22.32
MAR6,MAR6,"OVERLIMITFEEFEB07,2024",29.0
MAR6,MAR6,CASHADVANCEFEE,3.5
MAR6,MAR6,CASHINTEREST,1.62
APR7,APR9,McDonalds40346TORONTO,9.93
APR11,APR12,RAINBOWCONVENIENCETORONTO,19.85
APR12,APR12,TIMHORTONS#1634416-225-0260,1.67
APR13,APR15,VALUEBUDSBLOORSTTORONTO,21.44
APR13,APR15,TIMHORTONS#1357416-233-4043,6.98
APR13,APR15,TIMHORTONS#5795TORONTO,0.12
APR13,APR15,UBERCANADA/UBERTRIPTORONTO,8.9
APR14,APR15,241PIZZA#0007TORONTO,6.5
APR14,APR15,HMHennesMauritzInc.Toronto,421.86
APR14,APR15,CONVENIENCECANADATORONTO,25.25
APR15,APR17,MT07445381114,52.44
APR17,APR18,UBERCANADA/UBERTRIPTORONTO,32.05
APR18,APR19,PAYMENT-THANKYOU,-480.0
APR18,APR19,PAYMENT-THANKYOU,-50.0
APR19,APR22,PAYMENT-THANKYOU,-150.0
APR20,APR22,HMHennesMauritzInc.Toronto,-102.56
APR20,APR22,HMEatonCentreToronto,13.55
APR20,APR22,TIMHORTONS#5795TORONTO,0.15
APR21,APR22,TIMHORTONS#5795647-449-8467,6.59
APR22,APR23,PAYMENT-THANKYOU,-91.0
APR23,APR23,VALUEBUDSATLANSDOWNTORONTO,21.44
APR21,APR24,TASHIDELEKCAFETORONTO,30.51
APR22,APR24,WU*800-235-0000,168.59
APR23,APR24,PAYMENT-THANKYOU,-523.77
APR24,APR25,McDonalds14146ETOBICOKE,29.69
APR24,APR25,PRESTOAUTLTORONTO,128.15
APR24,APR26,DD/DOORDASHDAVESHOTCHI,30.93
APR25,APR26,TIMHORTONS#5795647-449-8467,2.86
APR26,APR29,UBER*TRIPTORONTO,18.47
APR26,APR29,LITTLETIBETTORONTO,13.56
APR27,APR29,VALUEBUDSATLANSDOWNTORONTO,30.48
APR27,APR29,Amazon.caPrimeMemberamazon.ca/pr,11.29
APR27,APR29,UBERCANADA/UBERTRIPTORONTO,11.32
APR27,APR29,TIMHORTONS#5795TORONTO,0.05
APR28,APR29,UBERCANADA/UBERTRIPTORONTO,11.3
APR28,APR30,PRESTOFARE/557B292SZJTORONTO,3.3
APR29,MAY1,PRESTOFARE/55762362T9TORONTO,3.3
APR30,MAY1,LOGA'SCORNERLTORONTO,10.17
MAY1,MAY1,VALUEBUDSATLANSDOWNTORONTO,21.44
APR30,MAY2,PRESTOISLINGTONSTNTORONTO,9.0
APR30,MAY2,PRESTOFARE/557MC1FGSZTORONTO,6.6
APR30,MAY2,PRESTOFARE/557N66278XTORONTO,3.3
MAY1,MAY2,GOOGLE*CLOUDRvGW3Qg.co/HelpPay,0.02
MAY1,MAY2,DD/DOORDASHQUESADABURR,3.87
MAY1,MAY2,DD/DOORDASHQUESADABURR,17.5
MAY1,MAY2,NOFRILLS#753TORONTO,56.43
MAY2,MAY6,GATEWAYNEWSSTANDS#114TORONTO,23.75
MAY2,MAY6,PRESTOFARE/558741F6VPTORONTO,3.3
MAY3,MAY6,PAYMENT-THANKYOU,-387.0
MAY4,MAY6,POPEYES#13572TORONTO,9.59
MAY5,MAY6,TIMHORTONS#5795647-449-8467,2.1
MAY5,MAY6,FULLTIMEONLINE-SENECANORTH,903.1
MAY6,MAY6,Amazon.ca*SK6NM9OJ3AMAZON.CA,21.96
MAY6,MAY6,CASHADVANCEFEE,3.5
MAY6,MAY6,CASHINTEREST,1.99
OCT16,OCT17,PRESTOMOBLTORONTO,20.0
OCT16,OCT19,WAL-MARTSUPERCENTER#3031,28.25
OCT23,OCT25,MTODRIVETESTD61ETOBICOKE,106.0
OCT25,OCT26,WORLDEDUCATIONSERVIC,240.69
OCT25,OCT26,PRESTOMOBLTORONTO,25.0
OCT26,OCT27,OCASAPPLICATIONSERVICESGUELPH,110.0
OCT28,OCT30,PRESTOFARE/5C7N57JBC9TORONTO,3.3
OCT31,NOV1,WALMART.CAMISSISSAUGA,30.79
NOV1,NOV2,WORLDEDUCATIONSERVIC,97.18
NOV2,NOV3,LUCKYMOBILEMISSISSAUGA,11.3
NOV2,NOV3,7ELEVENSTORE#33414ETOBICOKE,10.16
NOV2,NOV6,MCDONALD'S#14146Q04TORONTO,13.97
NOV5,NOV6,REDDY'SHYDERABADSPICES,4.95
NOV5,NOV6,SQ*THEBALLROOMToronto,33.28
NOV5,NOV6,SQ*THEBALLROOMToronto,38.4
SEP5,SEP9,PRESTOFARE/5F6000PC7STORONTO,3.3
SEP5,SEP9,McDonalds40346TORONTO,14.44
SEP6,SEP9,TIMHORTONS#5795TORONTO,6.95
SEP6,SEP9,PRESTOMOBI/5F65508HGJTORONTO,75.0
SEP6,SEP9,PAYMENT-THANKYOU,-900.0
SEP7,SEP9,TIMHORTONS#5795647-449-8467,1.85
SEP8,SEP9,TIMHORTONS#5795647-449-8467,1.85
SEP10,SEP11,DANFORTHFRUITMARKETTORONTO,17.1
SEP11,SEP12,JEFF'SNFETOBICOKE#7ETOBICOKE,26.91
SEP11,SEP13,FULLTIMEONLINE-SENECANORTH,11.3
SEP12,SEP16,CANADIANTIRE#600TORONTO,22.58
SEP15,SEP16,TIMHORTONS#5795647-449-8467,1.85
SEP15,SEP17,McDonalds40346TORONTO,10.61
SEP16,SEP18,MCDONALD'S#29051Q04TORONTO,3.14
SEP17,SEP18,ONEULRICHMOND,60.11
SEP20,SEP20,TIMHORTONS#5795647-449-8467,1.85
SEP19,SEP23,PRESTOAPPL/5F8JLDBLGQTORONTO,30.0
SEP20,SEP23,TIMHORTONS#5795647-449-8467,1.85
SEP20,SEP23,UBERCANADA/UBERONETORONTO,5.64
SEP20,SEP23,PAYMENT-THANKYOU,-235.0
SEP21,SEP23,AMZNMktpCA*WP7LK30D3,169.49
SEP21,SEP23,AMZNMktpCA*6R6E43HS3,16.94
SEP21,SEP23,IMPERIALPUBTORONTO,15.58
SEP21,SEP23,NYF3244TORONTO,2.54
SEP22,SEP23,TIMHORTONS#5795TORONTO,0.84
SEP23,SEP25,LCBO/RAO#0568TORONTO,46.4
SEP24,SEP25,DOLLARAMA#741TORONTO,7.45
SEP24,SEP25,BUKCHANGDONGSOONTOFU,54.42
SEP24,SEP25,BAKERYONTHEGOTORONTO,5.9
SEP24,SEP25,VAPELUVTORONTO,23.15
SEP24,SEP26,ANNEXBILLIARDSCLUBTORONTO,27.18
SEP25,SEP27,MTOE-COMMERCENORTHYORK,91.25
SEP26,SEP27,TIMHORTONS#5795647-449-8467,1.85
SEP26,SEP27,UBERCANADA/UBEREATSTORONTO,36.79
SEP26,SEP27,SEPHORAEATONCENTRETORONTO,67.97
SEP28,OCT1,TIMHORTONS#5795647-449-8467,1.85
SEP30,OCT1,PRESTOAPPL/5F2KBDZT7MTORONTO,30.0
OCT1,OCT2,GOOGLE*CLOUDQ9MHzMg.co/HelpPay,0.02
OCT3,OCT4,JEFF'SNFETOBICOKE#7ETOBICOKE,33.99
OCT4,OCT4,RDLPumaCanadaMississauga,169.5
OCT4,OCT7,PAYMENT-THANKYOU,-637.0
OCT6,OCT7,TIMHORTONS#5795647-449-8467,1.85
AUG5,AUG7,PRESTOFARE/5F0422S7S2TORONTO,3.3
AUG6,AUG7,SPICEBROSETOBICOKE,15.45
AUG6,AUG7,MACANNABISETOBICOKE,12.0
AUG6,AUG7,PAYMENT-THANKYOU,-40.88
AUG4,AUG8,ANNEXBILLIARDSCLUBTORONTO,13.5
AUG4,AUG8,ANNEXBILLIARDSCLUBTORONTO,28.7
AUG7,AUG8,TIMHORTONS#5795647-449-8467,1.85
AUG7,AUG9,PRESTOFARE/5F0580MHSDTORONTO,3.3
AUG8,AUG9,TIMHORTONS#3130416-252-7770,5.19
AUG8,AUG9,REDDY'SHYDERABADSPICES,13.55
AUG8,AUG12,NEWNHAMMAINTORONTO,6.16
AUG8,AUG12,PRESTOFARE/5F0HL227GDTORONTO,3.3
AUG9,AUG12,TIMHORTONS#5795TORONTO,1.67
AUG9,AUG12,GATEWAYNEWSSTANDS#178NORTH,23.25
AUG9,AUG12,McDonalds14146ETOBICOKE,27.93
AUG9,AUG12,PAYMENT-THANKYOU,-519.43
AUG10,AUG12,VALUEBUDSATLANSDOWNTORONTO,9.57
AUG10,AUG12,PRESTOFARE/5F14KP8JRWTORONTO,3.3
AUG11,AUG12,TIMHORTONS#5795647-449-8467,1.85
AUG11,AUG13,PRESTOFARE/5F1755FJP7TORONTO,6.6
AUG12,AUG13,TIMHORTONS#5795TORONTO,7.66
AUG13,AUG13,VALUEBUDSATLANSDOWNTORONTO,9.57
AUG12,AUG14,PRESTOFARE/5F1D15NSL5TORONTO,3.3
AUG13,AUG14,TIMHORTONS#3130416-252-7770,3.14
AUG13,AUG14,TIMHORTONS#3130416-252-7770,8.0
AUG13,AUG15,CAWONDERLANDFOODSMAPLE,22.58
AUG13,AUG15,PRESTOFARE/5F1H35BPV2TORONTO,7.7
AUG15,AUG15,Amazon.ca*RU3948EP2AMAZON.CA,101.77
AUG15,AUG16,TIMHORTONS#3130416-252-7770,5.19
AUG15,AUG16,GATEWAYNEWSSTANDS#178NORTH,2.75
AUG15,AUG16,VALUEBUDSBLOORSTTORONTO,9.57
AUG15,AUG16,THEBIRYANIWALLATORONTO,20.89
AUG15,AUG19,McDonalds14146ETOBICOKE,26.35
AUG15,AUG19,PRESTOFARE/5F207NTGXTTORONTO,6.6
AUG16,AUG19,PRESTOFARE/5F255LNDD9TORONTO,6.6
AUG17,AUG19,TIMHORTONS#1634416-225-0260,1.67
AUG17,AUG19,PRESTOFARE/5F2BC46QC5TORONTO,3.3
AUG18,AUG19,TIMHORTONS#5795647-449-8467,1.85
AUG18,AUG20,PRESTOFARE/5F2FP5ZT8FTORONTO,3.3
AUG19,AUG20,PAYPAL*DOORDASHOSMOW,22.56
AUG20,AUG20,TIMHORTONS#5795TORONTO,0.32
AUG19,AUG21,PRESTOFARE/5F2L74BB58TORONTO,3.3
AUG20,AUG21,TIMHORTONS#3130416-252-7770,1.67
AUG21,AUG21,SQ*CRAIG'SCOOKIESToronto,13.56
AUG20,AUG22,PRESTOFARE/5F31C5RVR2TORONTO,6.6
AUG21,AUG22,TIMHORTONS#1357416-233-4043,4.95
AUG21,AUG22,TIMHORTONS#1357416-233-4043,2.3
AUG21,AUG22,TIMHORTONS#5795647-449-8467,1.85
AUG21,AUG22,TIMHORTONS#5795647-449-8467,1.85
AUG21,AUG23,PRESTOFARE/5F3534BCDTTORONTO,3.3
AUG22,AUG23,SQ*CANADIANNATIONALEXHToronto,26.0
AUG23,AUG23,VALUEBUDSATLANSDOWNTORONTO,9.57
AUG22,AUG26,PRESTOFARE/5F3B0477HMTORONTO,3.3
AUG22,AUG26,PRESTOFARE/5F3B6KBNRKTORONTO,3.3
AUG23,AUG26,PAYPAL*DOORDASHMCDON,18.34
AUG23,AUG26,TIMHORTONS#5795647-449-8467,1.85
AUG23,AUG26,PRESTOFARE/5F357JRDH2TORONTO,6.6
AUG24,AUG26,DOORDASHOSMOWSDOWNTOWNTOR,35.27
AUG24,AUG26,TIMHORTONS#5795647-449-8467,1.85
AUG24,AUG26,PRESTOFARE/5F3JN1R2SXTORONTO,6.6
AUG25,AUG26,TIMHORTONS#5795647-449-8467,1.85
AUG25,AUG26,UBERCANADA/UBEREATSTORONTO,23.02
AUG25,AUG26,MACANNABISETOBICOKE,12.0
AUG25,AUG27,PRESTOFARE/5F37975R5KTORONTO,6.6
AUG26,AUG27,TIMHORTONS#5795647-449-8467,1.85
AUG26,AUG27,PAYMENT-THANKYOU,-38.0
AUG27,AUG27,Amazon.caAMAZON.CA,-101.77
AUG26,AUG28,PRESTOFARE/5F43D9BJFJTORONTO,6.6
AUG28,AUG28,UBER*EATSTORONTO,67.15
AUG28,AUG29,LYFT*RIDETUE8PMVANCOUVER,8.6
AUG28,AUG30,GATEWAYNEWSSTANDS#114TORONTO,20.25
AUG28,AUG30,PRESTOFARE/5F4DDG7GPMTORONTO,3.3
AUG29,SEP3,PRESTOFARE/5F46C6RF9TTORONTO,3.3
AUG30,SEP3,PRESTOFARE/5F4N9KZQQ6TORONTO,3.3
AUG31,SEP3,UHAULCTRQUEENSWAY416-252-6295,52.77
AUG31,SEP3,LAKEVIEWCANNABISETOBICOKE,8.63
SEP1,SEP3,GOOGLE*CLOUDSVBXXWg.co/HelpPay,0.03
SEP1,SEP3,TIMHORTONS#5795647-449-8467,1.85
SEP1,SEP3,UNCLETETSUCOACHTERMINA,44.25
SEP2,SEP3,MCDONALD'S#40346TORONTO,3.98
SEP2,SEP3,TIMHORTONS#5795TORONTO,10.83
SEP2,SEP3,TIMHORTONS#5795647-449-8467,1.85
SEP2,SEP3,NORLINGTORONTO,29.07
SEP2,SEP4,PRESTOFARE/5F5BFM9RMJTORONTO,6.6
SEP3,SEP4,SPOTIFYSTOCKHOLM,12.42
SEP3,SEP4,JEFF'SNFETOBICOKE#7ETOBICOKE,47.27
SEP3,SEP4,SPOTIFYSTOCKHOLM,-12.42
SEP4,SEP6,PRESTOFARE/5F5N0GWP89TORONTO,3.3
SEP5,SEP6,TIMHORTONS#5795TORONTO,8.0
SEP5,SEP6,TIMHORTONS#5795647-449-8467,4.96
SEP5,SEP6,TIMHORTONS#5795647-449-8467,1.85
